Zone,Site,Lab Number,Phase,Context,Material,Age BP,Error,Source,Region,Comments
Atlantic CR,4-IT,I-8913,Madera,Tomb 3B Vessel,Charcoal,1010,90,Snarskis 1978,Lower Central America,""
Atlantic CR,4-IT,I-8914,Madera,Feature 4 Lens,Charcoal,840,195,Snarskis 1978,Lower Central America,""
Atlantic CR,Capuchina,A-13654,?,?,?,795,60,Hurtado de Mendoza 2016,Lower Central America,""
Atlantic CR,Guayabo de Turrialba,AGUILAR-1,Early Period,?,?,997,241,Aguilar 1972 in Snarskis 1978,Lower Central America,""
Atlantic CR,Jabillo,B-325233,?,ETM2M02ESC8N6,?,1560,30,Chavez Montoya 2016,Lower Central America,Part of an intrusive pit with Integration I-period ceramics
Atlantic CR,Juka,B-431561,La Selva,Op 5/111 RF16 Nivel 10,Carbon,1600,30,Hernandez Ruiz et al. 2018,Lower Central America,""
Atlantic CR,Juka,B-431562,El Bosque,Op 5/111 RF4 Nivel 9,Carbon,1620,30,Hernandez Ruiz et al. 2018,Lower Central America,""
Atlantic CR,Juka,B-431563,El Bosque,Op 5/111 RF6 Nivel 10,Carbon,1650,30,Hernandez Ruiz et al. 2018,Lower Central America,""
Atlantic CR,Juka,B-361130,La Cabaña,Pozo 103 Cuadro 102L1 Nivel 8,Carbon Vegetal,836,29,Salazar Jimenez 2016,Lower Central America,""
Atlantic CR,Juka,B-361131,La Cabaña,Pozo 103 Cuadro 102L5 Nivel 7,Carbon Vegetal,855,29,Salazar Jimenez 2016,Lower Central America,""
Atlantic CR,Juka,B-361132,La Cabaña,Pozo 103 Cuadro 102N1 Nivel 9,Carbon Vegetal,894,29,Salazar Jimenez 2016,Lower Central America,""
Atlantic CR,Kualklo,B-319144,?,?,Carbon Vegetal,270,30,Hurtado de Mendoza 2016,Lower Central America,""
Atlantic CR,La Cascada,B-361126,Cacical I,Cuadro 10A2 Nivel 4,Carbon Vegetal,1487,29,"Salazar Jimenez 2016, But conflicts with Salazar Jimenez 2020. Fixed if we assume she rounded to the nearest decade and originally reported in 5730 half life",Lower Central America,""
Atlantic CR,La Chonta,GRN-19773,?,"Soil core, 237-240cm",?,4920,270,Islebe et al. 1996,Lower Central America,""
Atlantic CR,La Chonta,GRN-19775,?,"Soil core, 332-334cm",?,5350,390,Islebe et al. 1996,Lower Central America,""
Atlantic CR,La Chonta,GRN-17774,?,"Soil core, 260-263cm",?,5800,280,Islebe et al. 1996,Lower Central America,""
Atlantic CR,La Maquina,SI-1438,?,?,?,600,190,Stirling and Pugh 1997 in Hurtado de Mendoza 2016,Lower Central America,""
Atlantic CR,La Montaña,UCLA-2113E,La Selva,Burial in Unit 7 of Cemetery,Charcoal,1310,60,Snarskis 1978,Lower Central America,""
Atlantic CR,La Montaña,UCLA-2113C,La Selva,Burial in Unit 8 of Cemetery,Charcoal,1730,60,Snarskis 1978,Lower Central America,""
Atlantic CR,La Selva,B-38149,?,Soil Charcoal from paleosol core,Soil charcoal,2410,220,Horn and Sanford 1992 in Titz and Sanford 2007,Lower Central America,""
Atlantic CR,La Selva,B-38150,?,Soil Charcoal from paleosol core,Soil charcoal,2430,80,Clement and Horn 2001,Lower Central America,""
Atlantic CR,La Selva,B-38148,?,Soil Charcoal from paleosol core,Soil charcoal,2430,80,Horn and Sanford 1992 in Titz and Sanford 2007,Lower Central America,""
Atlantic CR,La Selva,HORN-1,?,Soil Charcoal from paleosol core,Soil charcoal,2540,60,Horn and Kennedy 2001 in Titz and Sanford 2007,Lower Central America,""
Atlantic CR,La Selva,SANFORD-2,?,Soil Charcoal from paleosol core,Soil charcoal,2590,40,Titz and Sanford 2007,Lower Central America,""
Atlantic CR,La Selva,SANFORD-5,?,Soil Charcoal from paleosol core,Soil charcoal,2870,40,Titz and Sanford 2007,Lower Central America,""
Atlantic CR,La Selva,SANFORD-3,?,Soil Charcoal from paleosol core,Soil charcoal,3020,40,Titz and Sanford 2007,Lower Central America,""
Atlantic CR,La Selva,SANFORD-4,?,Soil Charcoal from paleosol core,Soil charcoal,3090,40,Titz and Sanford 2007,Lower Central America,""
Atlantic CR,La Selva,SANFORD-6,?,Soil Charcoal from paleosol core,Soil charcoal,3130,40,Titz and Sanford 2007,Lower Central America,""
Atlantic CR,Lago de las Morrenas,B-30432,?,Soil Charcoal from paleosol core,Soil charcoal,3100,90,Horn 1993,Lower Central America,""
Atlantic CR,Lago de las Morrenas,AA-52070,?,Soil Charcoal from paleosol core,Soil charcoal,3397,34,Lane et al. 2011,Lower Central America,""
Atlantic CR,Lago de las Morrenas,B-204700,?,"Soil core 4, 61cm",Charcoal,4030,40,Watson 2011,Lower Central America,""
Atlantic CR,Lago de las Morrenas,B-30433,?,Soil Charcoal from paleosol core,Soil charcoal,4250,90,Horn 1993,Lower Central America,""
Atlantic CR,Lago de las Morrenas,AA-52071,?,Soil Charcoal from paleosol core,Soil charcoal,4511,37,Lane et al. 2011,Lower Central America,""
Atlantic CR,Lago de las Morrenas,B-125064,?,"Soil core 4, 75.5cm",Peat,5460,60,Watson 2011,Lower Central America,""
Atlantic CR,Lago de las Morrenas,AA-52072,?,Soil Charcoal from paleosol core,Soil charcoal,5611,38,Lane et al. 2011,Lower Central America,""
Atlantic CR,Lago de las Morrenas,AA-52072,?,Soil Charcoal from paleosol core,Soil charcoal,6444,40,Lane et al. 2011,Lower Central America,""
Atlantic CR,Lago de las Morrenas,B-125065,?,"Soil core 4, 146cm",Charred Wood,6690,60,Watson 2011,Lower Central America,""
Atlantic CR,Laguna Bonilla,B-54820,?,Soil Charcoal from paleosol core,Soil charcoal,3010,80,Nothrop and Horn 1996,Lower Central America,""
Atlantic CR,Laguna Bonilla,B-54821,?,Soil Charcoal from paleosol core,Soil charcoal,3080,70,Nothrop and Horn 1996,Lower Central America,""
Atlantic CR,Laguna Bonilla,B-54822,?,Soil Charcoal from paleosol core,Soil charcoal,3690,70,Nothrop and Horn 1996,Lower Central America,""
Atlantic CR,Laguna Bonilla,B-67837,?,Soil Charcoal from paleosol core,Soil charcoal,4085,55,Nothrop and Horn 1996,Lower Central America,""
Atlantic CR,Laguna Bonilla,B-65517,?,Soil Charcoal from paleosol core,Soil charcoal,4190,60,Nothrop and Horn 1996,Lower Central America,""
Atlantic CR,Laguna Bonilla,B-67838,?,Soil Charcoal from paleosol core,Soil charcoal,4845,55,Nothrop and Horn 1996,Lower Central America,""
Atlantic CR,Los Higuerones,A-13649,?,Used to date avalanche colluvium; clearly noncultural,Charred Wood,5390,45,Hurtado de Mendoza 2016,Lower Central America,""
Atlantic CR,Manuel,B-431565,Turrialba,Cuadrante 9 RF 1 Nivel 5,Carbon,680,30,Hernandez Ruiz et al. 2018,Lower Central America,""
Atlantic CR,Marin,SI-144,?,Tumba 7,?,900,90,Stirling and Pugh 1997 in Hurtado de Mendoza 2016,Lower Central America,""
Atlantic CR,Mudos,B-319143,?,?,Hollin tiestos,2120,30,Hurtado de Mendoza 2016,Lower Central America,""
Atlantic CR,Mudos,B-319142,?,?,Carbon Vegetal,910,30,Hurtado de Mendoza 2016,Lower Central America,""
Atlantic CR,Pascua,B-431566,La Selva,Op 3 Cuadrante 30 Cuadro 24D18 Nivel 4,Carbon,1580,30,Hernandez Ruiz et al. 2018,Lower Central America,""
Atlantic CR,Pascua,B-431569,La Selva,Op 2.1 Cuadrante 8 Cuadro 2P11 Nivel 5,Carbon,1580,30,Hernandez Ruiz et al. 2018,Lower Central America,""
Atlantic CR,Pascua,B-431567,La Selva,Op 2.1 Cuadrante 30 Cuadro 8A16 Nivel 5,Carbon,1640,30,Hernandez Ruiz et al. 2018,Lower Central America,""
Atlantic CR,Sibon,B-325231,?,ET1M11PC(III)N3.1,Carbon Vegetal,210,30,Castillo Vazquez 2016,Lower Central America,""
Atlantic CR,Volcan Barva,TITIZ-1,?,Soil Charcoal from paleosol core,Soil charcoal,2780,40,Titz and Sanford 2007,Lower Central America,""
Atlantic CR,Volcan Barva,TITIZ-3,?,Soil Charcoal from paleosol core,Soil charcoal,3570,40,Titz and Sanford 2007,Lower Central America,""
Atlantic CR,Volcan Barva,TITIZ-2,?,Soil Charcoal from paleosol core,Soil charcoal,5800,40,Titz and Sanford 2007,Lower Central America,""
Atlantic CR,Williamsburg,SI-145,?,Tumba 2,?,480,90,Stirling and Pugh 1997 in Hurtado de Mendoza 2016,Lower Central America,""
Darien,Cana Swamp 1,B-27719,?,"Sediment Core, 925-940cm",Sediment,3680,110,Bush and Colinvaux 1994,Lower Central America,""
Darien,Cana Swamp 2,B-31243,?,"Sediment Core, 925-940cm",Sediment,2840,90,Bush and Colinvaux 1994,Lower Central America,""
Darien,Lake Wodehouse,B-35334,?,"Sediment core, 685-700cm",Sediment,2600,100,Bush and Colinvaux 1994,Lower Central America,""
Darien,Lake Wodehouse,B-35333,?,"Sediment core, 405-420cm",Sediment,2660,100,Bush and Colinvaux 1994,Lower Central America,""
Darien,Lake Wodehouse,B-27729,?,"Sediment core, 830-840cm",Sediment,3390,100,Bush and Colinvaux 1994,Lower Central America,""
Darien,Lake Wodehouse,B-27730,?,"Sediment core, 1030-1040cm",Sediment,3980,80,Bush and Colinvaux 1994,Lower Central America,""
Gran Chiriquí,Laguna Volcan,B-95499,?,"Sediment core, 126cm",Organic material,2860,50,Behling 2000,Lower Central America,""
Gran Chiriquí,Laguna Zoncho,B-115186,?,Soil Charcoal from paleosol core,Soil charcoal,2940,50,Clement and Horn 2001,Lower Central America,""
Gran Cocle,AG-220,SI-6219,?,?,Charcoal,625,65,Cooke and Ranere 1992,Lower Central America,""
Gran Cocle,Aguadulce Shelter,NZA-10930B,Preceramic,Zone D,Sediment Phytoliths,10529,184,Piperno et al. 2000,Lower Central America,""
Gran Cocle,Aguadulce Shelter,NZA-10930A,Preceramic,Zone D,Sediment Phytoliths,10725,80,Piperno et al. 2000,Lower Central America,""
Gran Cocle,Corona,B-19105,Preceramic,?,Charcoal,10440,650,Cooke and Ranere 1992,Lower Central America,""
Gran Cocle,Cueva de los Vampiros,B-217529,Middle Ceramic B,VP2 Macrounit 1 Subunit 3,Charcoal,1130,40,Carvajal Contreras 2010,Lower Central America,""
Gran Cocle,Cueva de los Vampiros,B-217527,Middle Ceramic B,VP1 Macrounit 1 Subunit 4,Charcoal,1150,40,Carvajal Contreras 2010,Lower Central America,""
Gran Cocle,Cueva de los Vampiros,B-217530,Middle Ceramic B,VP2 Macrounit 1 Subunit 4,Charcoal,1180,40,Carvajal Contreras 2010,Lower Central America,""
Gran Cocle,Cueva de los Vampiros,B-217525,Middle Ceramic B,VP1 Macrounit 1 Subunit 5,Charcoal,1570,40,Carvajal Contreras 2010,Lower Central America,""
Gran Cocle,Cueva de los Vampiros,B-217526,Middle Ceramic B,VP1 Macrounit 1 Subunit 5,Charcoal,1690,40,Carvajal Contreras 2010,Lower Central America,""
Gran Cocle,Cueva de los Vampiros,B-217522,Middle Ceramic B,VP1 Macrounit 2b Subunit 22,Charcoal,1860,40,Carvajal Contreras 2010,Lower Central America,""
Gran Cocle,Cueva de los Vampiros,B-195186,Middle Ceramic B,VP2 Macrounit 2a Subunit 26,Charcoal,1920,40,Carvajal Contreras 2010,Lower Central America,""
Gran Cocle,Cueva de los Vampiros,B-217532,Middle Ceramic B,VP2 Macrounit 2a Subunit 14,Charcoal,1920,40,Carvajal Contreras 2010,Lower Central America,""
Gran Cocle,Cueva de los Vampiros,B-217533,Middle Ceramic B,VP2 Macrounit 2a Subunit 13,Charcoal,1920,40,Carvajal Contreras 2010,Lower Central America,""
Gran Cocle,Cueva de los Vampiros,B-217531,Middle Ceramic B,VP2 Macrounit 2a Subunit 15,Charcoal,1940,40,Carvajal Contreras 2010,Lower Central America,""
Gran Cocle,Cueva de los Vampiros,B-217523,Middle Ceramic B,VP1 Macrounit 2a Subunit 8,Charcoal,1950,40,Carvajal Contreras 2010,Lower Central America,""
Gran Cocle,Cueva de los Vampiros,B-217534,Middle Ceramic B,VP1 Macrounit 2b Subunit 17,Charcoal,1960,40,Carvajal Contreras 2010,Lower Central America,""
Gran Cocle,Cueva de los Vampiros,B-195183,Middle Ceramic B,VP2 Macrounit 2b Subunit 38,Charcoal,1990,40,Carvajal Contreras 2010,Lower Central America,""
Gran Cocle,Cueva de los Vampiros,B-195184,Middle Ceramic B,VP2 Macrounit 2a Subunit 30,Charcoal,2020,40,Carvajal Contreras 2010,Lower Central America,""
Gran Cocle,Cueva de los Vampiros,B-195185,Middle Ceramic B,VP2 Macrounit 2a Subunit 29,Charcoal,2030,40,Carvajal Contreras 2010,Lower Central America,""
Gran Cocle,Cueva de los Vampiros,B-217528,Middle Ceramic B,VP1 Macrounit 2b Subunit 26,Charcoal,2030,40,Carvajal Contreras 2010,Lower Central America,""
Gran Cocle,Cueva de los Vampiros,B-195182,Middle Ceramic B,VP2 Macrounit 2b Subunit 51,Charcoal,2100,40,Carvajal Contreras 2010,Lower Central America,""
Gran Cocle,Cueva de los Vampiros,B-195181,Middle Ceramic B,VP2 Macrounit 2b Subunit 54,Charcoal,2150,40,Carvajal Contreras 2010,Lower Central America,""
Gran Cocle,Cueva de los Vampiros,B-195180,Middle Ceramic B,VP2 Macrounit 2b Subunit 58,Charcoal,2190,40,Carvajal Contreras 2010,Lower Central America,""
Gran Cocle,Monagrillo,M-11,Alvina,?,Shell,800,250,"Willey and McGimsey, Cooke 1976 in Cooke 1984",Lower Central America,""
Gran Cocle,SF-25,SI-6218,?,?,Charcoal,700,60,Cooke and Ranere 1992,Lower Central America,""
Gran Cocle,Sitio Sierra,SI-6303,?,?,Shell,1000,40,Cooke and Ranere 1992,Lower Central America,""
Gran Cocle,Sitio Sierra,SI-6302,?,?,Shell,1260,60,Cooke and Ranere 1992,Lower Central America,""
Gran Cocle,Sitio Sierra,B-46401,?,?,Charcoal,1370,110,Cooke and Ranere 1992,Lower Central America,""
Gran Cocle,Sitio Sierra,SI-6301,?,?,Shell,1405,50,Cooke and Ranere 1992,Lower Central America,""
Gran Cocle,Sitio Sierra,SI-6300,?,?,Shell,1425,60,Cooke and Ranere 1992,Lower Central America,""
Gran Cocle,Sitio Sierra,I-8556,?,?,Charcoal,1475,110,Cooke and Ranere 1992,Lower Central America,""
Gran Cocle,Sitio Sierra,B-46402,?,?,Maize,1560,60,Cooke and Ranere 1992,Lower Central America,""
Gran Cocle,Sitio Sierra,GIF-2346,?,?,Charcoal,1640,90,Cooke and Ranere 1992,Lower Central America,""
Gran Cocle,Sitio Sierra,AA-3240,?,?,Bone,1680,60,Cooke and Ranere 1992,Lower Central America,""
Gran Cocle,Sitio Sierra,I-8613,?,?,Charcoal,1715,90,Cooke and Ranere 1992,Lower Central America,""
Gran Cocle,Sitio Sierra,I-9701,?,?,Charcoal,1835,90,Cooke and Ranere 1992,Lower Central America,""
Gran Cocle,Sitio Sierra,AA-3242,?,?,Bone,1835,90,Cooke and Ranere 1992,Lower Central America,""
Gran Cocle,Sitio Sierra,AA-3241,?,?,Bone,1880,95,Cooke and Ranere 1992,Lower Central America,""
Gran Cocle,Sitio Sierra,I-9703,?,?,Charcoal,1975,80,Cooke and Ranere 1992,Lower Central America,""
Gran Cocle,Sitio Sierra,I-9702,?,?,Charcoal,2015,80,Cooke and Ranere 1992,Lower Central America,""
Gran Cocle,Sitio Sierra,I-9704,?,?,Charcoal,2190,80,Cooke and Ranere 1992,Lower Central America,""
Gran Cocle,Sitio Sierra,SI-6299,?,?,Shell,900,40,Cooke and Ranere 1992,Lower Central America,""
Gran Cocle,Sitio Sierra,I-8381,?,?,Charcoal,920,80,Cooke and Ranere 1992,Lower Central America,""
Guatemalan Highlands,Santa Isabel,PLD-30325,End of Providencia,Botellon,Avocado seed,2106,22,Arroyo et al. 2020,Maya Lands,""
Guatemalan Highlands,Santa Isabel,PLD-30324,End of Providencia,Botellon,Avocado seed,2141,21,Arroyo et al. 2020,Maya Lands,""
Guatemalan Highlands,Santa Isabel,B-307569,Late Las Charcas,?,?,2410,30,Inomata et al. 2014,Maya Lands,""
Guatemalan Highlands,Santa Isabel,B-307569,Late Las Charcas,Santa Isabel,Charcoal,2410,30,Inomata et al. 2014,Maya Lands,""
Guatemalan Highlands,Santa Isabel,B-307568,Late Las Charcas,?,?,2450,30,Inomata et al. 2014,Maya Lands,""
Guatemalan Highlands,Santa Isabel,B-307568,Late Las Charcas,Santa Isabel,Charcoal,2450,30,Inomata et al. 2014,Maya Lands,""
Guatemalan Highlands,Santa Isabel,PLD-30326,Early Las Charcas,Deposit of ceramics,Charcoal,2558,19,Arroyo et al. 2020,Maya Lands,""
Nicaragua-Gran Nicoya,Aguas Buenas,B-457282,?,Unit 1 Level 3 Unit II,Charred material,4780,30,Donner and Geurds 2018,Lower Central America,""
Nicaragua-Gran Nicoya,Angi,B-375581,?,Strat 5,Shell,5490,30,Roksandic et al. 2018,Lower Central America,""
Nicaragua-Gran Nicoya,Angi,B-379159,?,Strat 3,Charcoal,5790,30,Roksandic et al. 2018,Lower Central America,""
Nicaragua-Gran Nicoya,Angi,B-379158,?,Strat 1,Charcoal,5830,30,Roksandic et al. 2018,Lower Central America,""
Nicaragua-Gran Nicoya,Angi,B-75584,?,Strat 3,Shell,6020,30,Roksandic et al. 2018,Lower Central America,""
Nicaragua-Gran Nicoya,Angi,B-375585,?,Strat 4,Shell,6040,30,Roksandic et al. 2018,Lower Central America,""
Nicaragua-Gran Nicoya,Angi,B-375582,?,Strat 1,Shell,6070,30,Roksandic et al. 2018,Lower Central America,""
Nicaragua-Gran Nicoya,Angi,B-375583,?,Strat 2,Shell,6140,30,Roksandic et al. 2018,Lower Central America,""
Nicaragua-Gran Nicoya,Coconut's Beach,B-143966,?,?,Shell,3070,60,Gassiot Ballbe 2005,Lower Central America,""
Nicaragua-Gran Nicoya,El Cauce,S-623,?,"Soil from layer below mudstone containing fossilized human footprints, horizon believed to be associated with footprints",Soil,5945,145,Rutherford et al. 1975,Lower Central America,""
Nicaragua-Gran Nicoya,Falso Bluff Marsh,OS-73423,?,"Soil core FMB5, 189cm",Plant/wood,2650,35,McCloskey and Liu 2012,Lower Central America,""
Nicaragua-Gran Nicoya,Falso Bluff Marsh,OS-70862,?,"Soil core FBM1, 444cm",Plant/wood,4310,30,McCloskey and Liu 2012,Lower Central America,""
Nicaragua-Gran Nicoya,Laguna Negra,B-88796,?,250-255 cm,sediment,2820,90,Urquhart 2007,Lower Central America,""
Nicaragua-Gran Nicoya,Laguna Negra,CAMS-32219,?,278 cm,sediment,3200,60,Urquhart 2007,Lower Central America,""
Nicaragua-Gran Nicoya,Laguna Negra,CAMS-32211,?,295 cm,sediment,3340,50,Urquhart 2007,Lower Central America,""
Nicaragua-Gran Nicoya,Laguna Negra,CAMS-32694,?,290 cm,sediment,3360,60,Urquhart 2007,Lower Central America,""
Nicaragua-Gran Nicoya,Laguna Negra,CAMS-32212,?,330 cm,sediment,3630,60,Urquhart 2007,Lower Central America,""
Nicaragua-Gran Nicoya,Laguna Negra,CAMS-32695,?,310 cm,sediment,3830,70,Urquhart 2007,Lower Central America,""
Nicaragua-Gran Nicoya,Lake Nicaragua,B-167868,?,"Soil core,  62-63cm",Bulk sediment,2660,40,Slate et al. 2013,Lower Central America,""
Nicaragua-Gran Nicoya,Lake Nicaragua,B-155704,?,"Soil core, 67-68cm",Bulk sediment,4500,40,Slate et al. 2013,Lower Central America,""
Nicaragua-Gran Nicoya,Lake Nicaragua,B-155706,?,"Soil core, 139-140cm",Bulk sediment,4660,40,Slate et al. 2013,Lower Central America,""
Nicaragua-Gran Nicoya,Lake Nicaragua,B-155705,?,"Soil core, 102-103cm",Bulk sediment,4700,40,Slate et al. 2013,Lower Central America,""
Nicaragua-Gran Nicoya,Lake Nicaragua,B-155707,?,"Soil core, 174-175cm",Bulk sediment,4830,40,Slate et al. 2013,Lower Central America,""
Nicaragua-Gran Nicoya,Lake Nicaragua,OS-15670,?,"Soil core, 204cm",Bulk sediment,4960,45,Slate et al. 2013,Lower Central America,""
Nicaragua-Gran Nicoya,Long Mangrove,B-143965,?,?,Shell,2860,80,Gassiot Ballbe 2005,Lower Central America,""
Nicaragua-Gran Nicoya,Santa Isabel,B-196660,?,S62E52 Feature 43,Wood carbon,1010,70,McCafferty 2005,Lower Central America,""
Nicaragua-Gran Nicoya,Santa Isabel,B-196665,?,S82W121 Feature 3,Wood carbon,1020,70,McCafferty 2005,Lower Central America,""
Nicaragua-Gran Nicoya,Santa Isabel,B-196658,?,S60E41 Level 4,Wood carbon,820,50,McCafferty 2005,Lower Central America,""
Nicaragua-Gran Nicoya,Santa Isabel,B-196664,?,S73E68 Level 7,Wood carbon,860,60,McCafferty 2005,Lower Central America,""
Nicaragua-Gran Nicoya,Santa Isabel,B-196655,?,N21E8 Level 3,Wood carbon,870,60,McCafferty 2005,Lower Central America,""
Nicaragua-Gran Nicoya,Santa Isabel,B-196657,?,S10E50 Level 4,Wood carbon,900,60,McCafferty 2005,Lower Central America,""
Nicaragua-Gran Nicoya,Santa Isabel,B-196654,?,N20E30 Level 9,Wood carbon,920,50,McCafferty 2005,Lower Central America,""
Nicaragua-Gran Nicoya,Santa Isabel,B-196661,?,S70E65 Level 9,Wood carbon,930,60,McCafferty 2005,Lower Central America,""
Nicaragua-Gran Nicoya,Santa Isabel,B-196662,?,S72E60 Level 4,Wood carbon,940,80,McCafferty 2005,Lower Central America,""
Nicaragua-Gran Nicoya,Santa Isabel,B-196659,?,S63E51.5 Level 7,Wood carbon,970,60,McCafferty 2005,Lower Central America,""
Nicaragua-Gran Nicoya,Santa Isabel,B-196656,?,N30E10 Level 10,Wood carbon,980,50,McCafferty 2005,Lower Central America,""
Nicaragua-Gran Nicoya,Santa Isabel,B-196663,?,S73E61 Level 6,Wood carbon,990,60,McCafferty 2005,Lower Central America,""
Nicaragua-Gran Nicoya,Sitio Mendez,UCLA-2136,Naranjo,Mound 1 Level 3,Wood charcoal,2250,60,Norr 1982,Lower Central America,""
Nicaragua-Gran Nicoya,Sitio Mendez,UCLA-2167A,"",Steril soil below mound 1 initial occupation,Wood charcoal,3500,60,Norr 1982,Lower Central America,""
Nicaragua-Gran Nicoya,Sitio Vidor,UCLA-2177A,Loma B,Feature 13,?,2830,80,Lange 1980,Lower Central America,""
Tilaran-Arenal,Arenal Volcano,SI-577,AT-20 Eruption,U20,Carbonized wood,400,30,Melson in Sheets 1994 (Sheets and McKee eds),Lower Central America,""
Tilaran-Arenal,Arenal Volcano,SI-576,AT-20 Eruption,U20,Carbonized wood,450,30,Melson in Sheets 1994 (Sheets and McKee eds),Lower Central America,""
Tilaran-Arenal,Dos Armadillos,TX-5079,Tilaran,Pre U-20,Charcoal,570,30,Sheets 1994 (Sheets and McKee eds),Lower Central America,""
Tilaran-Arenal,El Silencio,TX-5780,Middle Polychrome,Post U-55 Pre U-41 cemetery,Charcoal,1770,60,Sheets 1994 (Sheets and McKee eds),Lower Central America,""
Tilaran-Arenal,El Silencio,TX-5077,Silencio,Post U-40 Pre U-20,Charcoal,740,50,Sheets 1994 (Sheets and McKee eds),Lower Central America,""
Tilaran-Arenal,Lago Cote,B-140779,?,"Soil core, 105-107cm",Bulk sediment,1430,40,Arford 2001,Lower Central America,""
Tilaran-Arenal,Lago Cote,B-136022,?,"Soil core, 42-44cm",Bulk sediment,730,40,Arford 2001,Lower Central America,""
Tilaran-Arenal,Lago Cote,B-140778,?,"Soil core, 10cm",Bulk sediment,800,40,Arford 2001,Lower Central America,""
Tilaran-Arenal,Laguna Estero Blanco,B-205788,?,"Soil core, 59cm",Charcoal,2200,40,"Schlachter 2005, Arford 2007",Lower Central America,""
Tilaran-Arenal,Laguna Estero Blanco,B-169602,?,"Soil core, 65cm",Charcoal,3140,60,"Schlachter 2005, Arford 2007",Lower Central America,""
Tilaran-Arenal,Laguna Estero Blanco,B-176223,?,"Soil core, 128cm",Charcoal,5140,40,"Schlachter 2005, Arford 2007",Lower Central America,""
Tilaran-Arenal,Laguna Estero Blanco,B-155065,?,"Soil core, 196cm",Charcoal,6080,40,"Schlachter 2005, Arford 2007",Lower Central America,""
Tilaran-Arenal,Laguna Estero Blanco,B-155066,?,"Soil core, 290cm",Charcoal,6630,50,"Schlachter 2005, Arford 2007",Lower Central America,""
Tilaran-Arenal,Laguna Estero Blanco,AA-60652,?,"Soil core, 41cm",Charcoal,682,37,"Schlachter 2005, Arford 2007",Lower Central America,""
Tilaran-Arenal,Laguna Estero Blanco,B-158437,?,"Soil core, 378cm",Wood,7150,50,"Schlachter 2005, Arford 2007",Lower Central America,""
Tilaran-Arenal,Laguna Las Brisas,B-188887,?,"Soil core, 73cm",Charcoal,2440,40,Arford 2007,Lower Central America,""
Tilaran-Arenal,Laguna Las Brisas,B-172355,?,"Soil core, 121cm",Charcoal,3510,40,Arford 2007,Lower Central America,""
Tilaran-Arenal,Laguna Las Brisas,B-176222,?,"Soil core, 177cm",Charcoal,6890,40,Arford 2007,Lower Central America,""
Tilaran-Arenal,Laguna Las Brisas,B-158435,?,"Soil core, 226cm",Charcoal,7190,40,Arford 2007,Lower Central America,""
Tilaran-Arenal,Laguna Los Juncos,AA-60653,?,"Soil core, 32cm",Charcoal,1380,38,Arford 2007,Lower Central America,""
Tilaran-Arenal,Laguna Los Juncos,B-179843,?,"Soil core, 69cm",Charcoal,3590,40,Arford 2007,Lower Central America,""
Tilaran-Arenal,Laguna Los Juncos,B-172356,?,"Soil core, 74cm",Charcoal,4910,40,Arford 2007,Lower Central America,""
Tilaran-Arenal,Laguna Los Juncos,B-167803,?,"Soil core, 181cm",Charcoal,6710,50,Arford 2007,Lower Central America,""
Tilaran-Arenal,Laguna Martinez,AA-60655,?,"Soil core, 63cm",Charcoal fragments,1572,39,"Graham 2008, Arford 2007",Lower Central America,""
Tilaran-Arenal,Laguna Martinez,B-167804,?,"Soil core, 30cm",Single charcoal,190,40,"Graham 2008, Arford 2007",Lower Central America,""
Tilaran-Arenal,Laguna Martinez,B-184799,?,"Soil core, 78cm",Charcoal,2410,40,"Graham 2008, Arford 2007",Lower Central America,""
Tilaran-Arenal,Laguna Martinez,AA-60654,?,"Soil core, 37cm",Dicot leaf,301,38,"Graham 2008, Arford 2007",Lower Central America,""
Tilaran-Arenal,Laguna Martinez,B-179844,?,"Soil core, 127cm",Charcoal,4410,40,"Graham 2008, Arford 2007",Lower Central America,""
Tilaran-Arenal,Laguna Martinez,B-176224,?,"Soil core, 133cm",Soil charcoal,4760,40,"Graham 2008, Arford 2007",Lower Central America,""
Tilaran-Arenal,Laguna Martinez,B-172357,?,"Soil core, 154cm",Dicot leaves,6060,40,"Graham 2008, Arford 2007",Lower Central America,""
Tilaran-Arenal,Laguna Martinez,B-188888,?,"Soil core, 238cm",Charcoal,6750,50,"Graham 2008, Arford 2007",Lower Central America,""
Tilaran-Arenal,Laguna Martinez,B-157205,?,"Soil core, 477cm",Charcoal fragments,7610,50,"Graham 2008, Arford 2007",Lower Central America,""
Tilaran-Arenal,Laguna San Pablo,B-186685,?,"Soil core, 99cm",Charcoal,2340,40,Arford 2007,Lower Central America,""
Tilaran-Arenal,Laguna San Pablo,AA-60659,?,"Soil core, 167cm",Charcoal,2790,41,Arford 2007,Lower Central America,""
Tilaran-Arenal,Laguna San Pablo,B-135626,?,"Soil core, 197cm",Charcoal,2920,60,Arford 2007,Lower Central America,""
Tilaran-Arenal,Laguna San Pablo,B-167805,?,"Soil core, 230cm",Charcoal,3310,50,Arford 2007,Lower Central America,""
Tilaran-Arenal,Laguna San Pablo,B-182612,?,"Soil core, 236cm",Charcoal,3350,40,Arford 2007,Lower Central America,""
Tilaran-Arenal,Laguna San Pablo,B-181323,?,"Soil core, 487cm",Charcoal,6840,50,Arford 2007,Lower Central America,""
Tilaran-Arenal,Laguna San Pablo,B-184801,?,"Soil core, 357cm",Charcoal,8500,40,Arford 2007,Lower Central America,""
Tilaran-Arenal,Laguna San Pablo,AA-60658,?,"Soil core, 54cm",Charcoal,980,38,Arford 2007,Lower Central America,""
Tilaran-Arenal,Laguna Sorpresa,AA-60656,?,"Soil core, 80-81cm",Charcoal,1695,41,Arford 2007,Lower Central America,""
Tilaran-Arenal,Laguna Sorpresa,B-186683,?,"Soil core 2003, 108cm",Charcoal,2920,40,Arford 2007,Lower Central America,""
Tilaran-Arenal,Laguna Sorpresa,B-186684,?,"Soil core 2003, 172cm",Charcoal,4210,40,Arford 2007,Lower Central America,""
Tilaran-Arenal,Laguna Sorpresa,B-158438,?,"Soil core 2001, 371cm",Charcoal,4860,40,Arford 2007,Lower Central America,""
Tilaran-Arenal,Laguna Sorpresa,B-184800,?,"Soil core 2003, 278-279cm",Charcoal,4990,40,Arford 2007,Lower Central America,""
Tilaran-Arenal,Laguna Sorpresa,B-181322,?,"Soil core 2003, 386-387cm",Charcoal,6210,50,Arford 2007,Lower Central America,""
Tilaran-Arenal,Quebrada Guillermina,BORGIA-7,AT-7 Eruption,Base of pyroclastic flow,Carbonized plant material,1080,50,Borgia et al. 1988,Lower Central America,""
Tilaran-Arenal,Quebrada Guillermina,BORGIA-8,AT-7 Eruption,Base of pyroclastic flow,Carbonized plant material,1200,500,Borgia et al. 1988,Lower Central America,""
Tilaran-Arenal,Quebrada Guillermina,MELSON-2,AT-2 Eruption,Base of pyroclastic flow,Carbonized plant material,3475,20,Melson and Saenz 1973,Lower Central America,""
Tilaran-Arenal,Tronadora Vieja,TX-5274,Fortuna,Hearth 5-10 cm below Aguacate associated with lithic debitage; Same feature as TX-5275 and  SI-?,Charred Wood,4210,70,"Hoopes 1987, Sheets 1994 (Sheets, McKee eds)",Lower Central America,""
Tilaran-Arenal,Tronadora Vieja,TX-5275,Fortuna,Sites,Charred Wood,4600,70,"Hoopes 1987, Sheets 1994 (Sheets, McKee eds)",Lower Central America,""
Tilaran-Arenal,Viboriana,TX-5080,Arenal,Post U-55 Pre U-41,Charcoal,1340,70,Sheets 1994 (Sheets and McKee eds),Lower Central America,""
Tilaran-Arenal,Viboriana,TX-5082,Arenal,Post U-55 Pre U-41,Charcoal,1530,130,Sheets 1994 (Sheets and McKee eds),Lower Central America,""
Tilaran-Arenal,Viboriana,TX-5083,?,Pit feature into U65,Charcoal,670,190,Sheets 1994 (Sheets and McKee eds),Lower Central America,""
