Zone,Site,Lab Number,Phase,Context,Material,Age BP,Error,Source,Calib_1sigma_from,Calib_1sigma_to,Calib_2sigma_from,Calib_2sigma_to,Calib_mean,Calib_sd,Modeled_1sigma_from,Modeled_1sigma_to,Modeled_2sigma_from,Modeled_2sigma_to,Modeled_mean,Modeled_sd,Acomb,A,L,P,C,Region,Comments
Atlantic CR,Fabrica de Licores,UCLA-2167F,?,?,?,2910,100,Lange and Stone 1984,-1258,-936,-1392,-841,-1116,134,-861,-801,-951,-569,-824,66,,19.9,,,99.4,Lower Central America,""
Atlantic CR,Jabillo,B-325234,La Montaña,ET2M03ESC8N6,?,2930,30,Chavez Montoya 2016,-1201,-1056,-1222,-1016,-1131,56,-1201,-1057,-1221,-1017,-1131,55,,99.9,,,99.9,Lower Central America,""
Atlantic CR,Jabillo,B-325232,La Montaña,ET2M1ESC8T1N5,?,2510,30,Chavez Montoya 2016,-772,-566,-786,-541,-650,74,-687,-548,-780,-520,-633,72,,98.5,,,99.7,Lower Central America,""
Atlantic CR,Jabillo,B-325235,La Montaña,ET2M05ESC3N3,?,2380,30,Chavez Montoya 2016,-510,-398,-717,-393,-468,68,-516,-399,-722,-393,-483,77,,90.3,,,99.9,Lower Central America,""
Atlantic CR,Kualklo,B-319139,?,?,Hollin tiestos,2500,30,Hurtado de Mendoza 2016,-766,-551,-778,-520,-644,75,-688,-517,-769,-464,-596,76,,87.2,,,99.8,Lower Central America,""
Atlantic CR,Kualklo,B-319138,?,?,Hollin tiestos,2440,30,Hurtado de Mendoza 2016,-735,-419,-751,-408,-566,105,-717,-426,-746,-411,-546,89,,103.9,,,99.8,Lower Central America,""
Atlantic CR,Kualklo,B-319140,?,?,Hollin tiestos,2410,30,Hurtado de Mendoza 2016,-517,-409,-743,-399,-509,92,-543,-438,-738,-402,-518,84,,97.5,,,99.8,Lower Central America,""
Atlantic CR,Kualklo,B-319141,?,?,Hollin tiestos,2400,30,Hurtado de Mendoza 2016,-515,-405,-733,-397,-494,84,-541,-437,-732,-401,-510,81,,93.1,,,99.8,Lower Central America,""
Atlantic CR,La Cascada,B-361129,La Montaña,Cuadro 14K9 Pozo 14,Hollin tiestos,2478,29,"Salazar Jimenez 2016, But conflicts with Salazar Jimenez 2020. Fixed if we assume she rounded to the nearest decade and originally reported in 5730 half life",-754,-543,-771,-426,-629,85,-695,-416,-754,-413,-577,93,,85.1,,,99.8,Lower Central America,""
Atlantic CR,La Cascada,B-361128,Chaparron,Cuadro 14H11 Nivel 4,Hollin tiestos,2303,29,"Salazar Jimenez 2016, But conflicts with Salazar Jimenez 2020. Fixed if we assume she rounded to the nearest decade and originally reported in 5730 half life",-403,-363,-409,-230,-354,57,-401,-385,-411,-368,-392,13,,134.6,,,99.9,Lower Central America,""
Atlantic CR,La Cascada,B-361127,La Montaña,Cuadro 10C2 Pozo 10 Nivel 2,Hollin tiestos,2293,29,"Salazar Jimenez 2016, But conflicts with Salazar Jimenez 2020. Fixed if we assume she rounded to the nearest decade and originally reported in 5730 half life",-400,-236,-406,-210,-339,62,-393,-369,-402,-266,-373,27,,126.8,,,100,Lower Central America,""
Atlantic CR,La Montaña,UCLA-2113A,La Montaña,"Units 2, 3, 3N and 4, Layer D",Dispersed charcoal fragments,3465,160,Snarskis 1978,-2011,-1545,-2273,-1421,-1805,206,-1802,-1431,-2036,-1128,-1616,202,,84.7,,,99.8,Lower Central America,""
Atlantic CR,La Montaña,UCLA-2113N,La Montaña,Unit 5 Layer D,Single large piece of charcoal,2500,60,Snarskis 1978,-801,-551,-815,-426,-663,97,-796,-551,-811,-476,-654,95,,99.2,,,99.5,Lower Central America,""
Atlantic CR,La Montaña,UCLA-2113D,La Montaña,Sector 2 Top of Layer D,Concentrted charcoal fragments,2500,60,Snarskis 1978,-773,-544,-791,-418,-624,100,-771,-541,-788,-420,-618,98,,100.1,,,99.7,Lower Central America,""
Atlantic CR,La Montaña,UCLA-2113B,La Montaña,"Units 2, 3, 3N",Dispersed charcoal fragments,2275,160,Snarskis 1978,-718,-104,-787,24,-357,219,-736,-354,-783,-310,-528,135,,93.3,,,99.8,Lower Central America,""
Atlantic CR,La Montaña,UCLA-2113M,La Montaña,Unit 11,Single large piece of charcoal,2230,60,Snarskis 1978,-381,-204,-401,-116,-275,75,-400,-342,-471,-232,-364,50,,93.1,,,99.8,Lower Central America,""
Atlantic CR,La Quebrada,B-361133,La Montaña/Chaparron,Pozo 113 Cuadro 112O1 Nivel 5,Carbon Vegetal,2614,29,Salazar Jimenez 2016,-808,-787,-821,-772,-795,19,-807,-785,-827,-591,-783,48,,92.8,,,99.6,Lower Central America,""
Atlantic CR,La Quebrada,B-361136,La Montaña/Chaparron,Pozo 149 Cuadro 135A20 Nivel 5,Hollin tiestos,2478,29,Salazar Jimenez 2016,-754,-543,-771,-426,-629,85,-751,-543,-769,-490,-632,77,,102.7,,,99.6,Lower Central America,""
Atlantic CR,La Quebrada,B-361135,La Montaña/Chaparron,Pozo 149 Cuadro 135A20 Nivel 5,Hollin tiestos,2400,29,Salazar Jimenez 2016,-515,-405,-729,-398,-492,82,-719,-455,-746,-411,-548,94,,77.8,,,99.8,Lower Central America,""
Atlantic CR,La Quebrada,B-361134,La Montaña/Chaparron,Pozo 113 Cuadro 112R4 Nivel 4,Hollin tiestos,2390,29,Salazar Jimenez 2016,-513,-401,-721,-395,-478,73,-479,-402,-540,-396,-461,54,,107.8,,,99.9,Lower Central America,""
Atlantic CR,Los Higuerones,B-196735,?,?,?,2610,60,Hurtado de Mendoza 2016,-893,-593,-907,-544,-752,97,-825,-590,-848,-543,-722,94,,99.2,,,99.4,Lower Central America,""
Atlantic CR,Los Higuerones,A-13648,?,?,?,2525,50,Hurtado de Mendoza 2016,-786,-550,-802,-481,-649,90,-791,-564,-804,-517,-663,86,,102.8,,,99.4,Lower Central America,""
Atlantic CR,Pascua,B-431568,La Montaña,Op 2.2 Cuadrante 30 Cuadro 18S18 Nivel 9,Carbon,2480,30,Hernandez Ruiz et al. 2018,-756,-543,-772,-476,-630,84,-754,-543,-771,-479,-629,83,,100.1,,,99.7,Lower Central America,""
Atlantic CR,Sibon,B-325229,La Montaña,ET1M7ESC2(V)N3,?,2510,30,Naranjo Masis 2014,-772,-566,-786,-541,-650,74,-685,-544,-780,-516,-625,71,,97.2,,,99.8,Lower Central America,""
Atlantic CR,Sibon,B-325230,La Montaña,ET1M8ESC2(V)N3,?,2420,30,Naranjo Masis 2014,-541,-411,-748,-402,-527,99,-542,-445,-724,-402,-500,65,,107.6,,,99.9,Lower Central America,""
Atlantic CR,Sibon,B-325228,La Montaña,ET1M6ESC2(V)N4.2,Hollin tiestos,2380,30,Castillo Vazquez 2016,-510,-398,-717,-393,-468,68,-537,-401,-720,-393,-482,69,,89.3,,,99.9,Lower Central America,""
Atlantic CR,Vista Lagunas,B-431570,La Montaña,Op 3 Ampliacion 10 Cuadrante 9 Cuadro 5D18 Nivel 5,Carbon,2460,30,Hernandez Ruiz et al. 2018,-750,-485,-758,-416,-604,98,-750,-486,-757,-419,-605,96,,99.9,,,99.8,Lower Central America,""
Gran Chiriquí,Black Creek,B-143065,Black Creek,Rasgo 1 Estrato II (Nivel 10) Muestra 41,Raphia taedigera,3440,40,Baldi Salas 2001,-1873,-1687,-1880,-1627,-1754,71,-1772,-1631,-1876,-1620,-1726,68,,97.1,,,99.9,Lower Central America,""
Gran Chiriquí,Black Creek,B-144240,Black Creek,Rasgo 1 Estrato II (Nivel 9) Muestra 37,Raphia taedigera,2820,60,Baldi Salas 2001,-1102,-899,-1191,-827,-987,84,-1201,-997,-1253,-934,-1091,79,,65,,,99.9,Lower Central America,""
Gran Chiriquí,Black Creek,B-144239,Black Creek,Rasgo 2 Estrato III (Nivel 6) Muestra 4,Raphia taedigera,2930,80,Baldi Salas 2001,-1258,-1012,-1386,-921,-1137,115,-1050,-848,-1111,-826,-969,75,,59.9,,,99.9,Lower Central America,""
Gran Chiriquí,Black Creek,B-143063,Black Creek,Rasgo 1 Estrato II (Nivel 12) Muestra 45,Raphia taedigera,2580,40,Baldi Salas 2001,-808,-597,-816,-549,-732,80,-809,-672,-818,-555,-741,75,,,,,99.8,Lower Central America,""
Gran Chiriquí,Black Creek,B-143064,Black Creek,Entre Rasgo 1 Estrato II y Rasgo 2 Estrato III (Nivel 7) Muestra 30,Elaeis olifera,2460,40,Baldi Salas 2001,-751,-481,-758,-416,-598,101,-769,-613,-775,-461,-650,91,,103.6,,,99.9,Lower Central America,""
Gran Chiriquí,Casita de Piedra,I-6278,Talamanca,Level F3,Charcoal,6560,120,Ranere 1980,-5622,-5384,-5717,-5308,-5501,106,-5616,-5371,-5703,-5220,-5474,109,,96.8,,,99.9,Lower Central America,""
Gran Chiriquí,Casita de Piedra,I-5765,Talamanca,Level E4,Charcoal,5795,105,Ranere 1980,-4785,-4537,-4904,-4370,-4651,123,-4781,-4508,-4901,-4370,-4646,122,,100.3,,,99.9,Lower Central America,""
Gran Chiriquí,Casita de Piedra,I-5764,Talamanca,Pit dug into layer G presumably from layer E,Charcoal,5680,105,Ranere 1980,-4671,-4370,-4780,-4340,-4536,114,-4654,-4370,-4778,-4339,-4532,113,,100.3,,,99.8,Lower Central America,""
Gran Chiriquí,Casita de Piedra,SI-1845,Boquete,Level D3,Charcoal,4085,75,Ranere 1980,-2857,-2496,-2875,-2471,-2666,120,-2861,-2575,-2877,-2499,-2695,108,,101.9,,,99.9,Lower Central America,""
Gran Chiriquí,Casita de Piedra,I-5614,Boquete,Level D3,Charcoal,4075,105,Ranere 1980,-2858,-2476,-2897,-2344,-2642,150,-2682,-2456,-2821,-2291,-2541,123,,95,,,99.9,Lower Central America,""
Gran Chiriquí,Casita de Piedra,SI-1844,Boquete,Level B,Charcoal,2890,70,Ranere 1980,-1200,-984,-1286,-859,-1083,102,-1212,-1007,-1370,-905,-1101,103,,98.8,,,99.9,Lower Central America,""
Gran Chiriquí,Hornito,I-12018,Talamanca,?,Charcoal,6270,270,Ranere and Cooke 1996,-5479,-4905,-5720,-4604,-5177,283,-5308,-4849,-5561,-4619,-5091,229,,105.2,,,99.5,Lower Central America,""
Gran Chiriquí,Hornito,I-12017,Talamanca,?,Charcoal,6180,180,Ranere and Cooke 1996,-5316,-4856,-5481,-4704,-5103,203,-5289,-4851,-5466,-4719,-5069,182,,104.1,,,99.6,Lower Central America,""
Gran Chiriquí,Hornito,I-12019,Talamanca,?,Charcoal,5880,260,Ranere and Cooke 1996,-5197,-4454,-5463,-4247,-4789,293,-5211,-4707,-5361,-4371,-4906,252,,99.6,,,99.4,Lower Central America,""
Gran Chiriquí,Pitti-Gonzalez,I-5871,Bugaba,?,?,2685,110,Linares et al. 1975 in Hoopes 1996,-1011,-766,-1191,-517,-851,149,-998,-773,-1126,-543,-861,138,,103.4,,,99.8,Lower Central America,""
Gran Chiriquí,Trapiche,I-5613,Talamanca,Level E3,Charcoal,5850,110,Ranere 1980,-4837,-4552,-4988,-4456,-4716,136,-4831,-4549,-4986,-4451,-4703,134,,100.1,,,99.9,Lower Central America,""
Gran Chiriquí,Trapiche,SI-1848,Talamanca,Level E2,Charcoal,4685,85,Ranere 1980,-3617,-3369,-3645,-3111,-3461,113,-3623,-3379,-3650,-3190,-3483,102,,101.4,,,99.9,Lower Central America,""
Gran Chiriquí,Trapiche,SI-1847,Talamanca,Level C1,Charcoal,3870,75,Ranere 1980,-2462,-2210,-2569,-2069,-2335,110,-2469,-2236,-2572,-2142,-2361,109,,,,0.1,99.8,Lower Central America,""
Gran Chiriquí,Trapiche,SI-1846,Boquete,Level B1,Charcoal,2890,70,Ranere 1980,-1200,-984,-1286,-859,-1083,102,-1208,-1001,-1367,-903,-1094,102,,99.6,,,99.9,Lower Central America,""
Gran Cocle,AG-123,SI-6223,Preceramic,?,Shell,8795,135,Cooke and Ranere 1992,-7645,-7286,-7858,-7082,-7475,188,-7616,-7272,-7801,-7076,-7451,178,,102,,,99.8,Lower Central America,""
Gran Cocle,AG-66,SI-6238,Monagrillo,?,Charcoal,3945,115,Ranere and Cooke 1996,-2617,-2209,-2868,-2137,-2448,180,-2575,-2209,-2859,-2050,-2425,176,,100.6,,,99.8,Lower Central America,""
Gran Cocle,AG-88,SI-6237,Monagrillo,?,Charcoal,2685,105,Ranere and Cooke 1996,-997,-774,-1126,-539,-853,141,-994,-774,-1125,-541,-855,138,,100.7,,,99.8,Lower Central America,""
Gran Cocle,Aguadulce Shelter,NZA-9625,Preceramic,Zone D,Sediment Phytoliths,8423,79,Piperno et al. 2000,-7581,-7374,-7595,-7196,-7463,91,-7578,-7363,-7592,-7192,-7445,98,,94.4,,,99.9,Lower Central America,""
Gran Cocle,Aguadulce Shelter,NZA-9624,Preceramic,Zone D,Sediment Phytoliths,7061,81,Piperno et al. 2000,-6017,-5845,-6067,-5759,-5927,81,-6015,-5844,-6065,-5755,-5922,81,,99.4,,,99.9,Lower Central America,""
Gran Cocle,Aguadulce Shelter,UCR-3417,Preceramic,Zone C,Sediment phytoliths,6910,60,Piperno et al. 2000,-5876,-5728,-5973,-5669,-5801,66,-5842,-5726,-5971,-5668,-5798,65,,100.5,,,99.9,Lower Central America,""
Gran Cocle,Aguadulce Shelter,NZA-10929,Preceramic,Zone C,Sediment phytoliths,6207,60,Piperno et al. 2000,-5290,-5056,-5306,-5004,-5151,84,-5288,-5053,-5306,-5002,-5147,84,,100,,,99.9,Lower Central America,""
Gran Cocle,Aguadulce Shelter,TEM-131,Preceramic,Block 3 Layer C4 30-35cm,Shell,6180,120,Cooke 1984,-4751,-4441,-4918,-4315,-4603,153,-4740,-4436,-4910,-4311,-4595,151,,100.4,,,99.8,Lower Central America,""
Gran Cocle,Aguadulce Shelter,UCR-3462,Preceramic,Zone D,Sediment phytoliths,5560,80,Piperno et al. 2000,-4490,-4337,-4589,-4248,-4411,81,-4489,-4337,-4588,-4247,-4409,81,,100.1,,,99.9,Lower Central America,""
Gran Cocle,Aguadulce Shelter,TEM-106,Preceramic,Block 5 Layer C5 35cm,Shell,5840,95,Cooke 1984,-4352,-4097,-4474,-3972,-4228,127,-4358,-4099,-4481,-3978,-4234,127,,99.9,,,99.8,Lower Central America,""
Gran Cocle,Aguadulce Shelter,UCR-3418,Monagrillo,Zone B,Sediment phytoliths,4250,60,Piperno et al. 2000,-2920,-2700,-3015,-2632,-2829,97,-2919,-2698,-3011,-2631,-2820,97,,98.5,,,99.9,Lower Central America,""
Gran Cocle,Aguadulce Shelter,TEM-130,Preceramic,Block 3 Layer C4 30-35cm,Shell,4210,90,Cooke 1984,-2463,-2176,-2606,-2021,-2318,146,-2476,-2191,-2622,-2038,-2338,145,,100,,,99.8,Lower Central America,""
Gran Cocle,Aguadulce Shelter,TEM-110,Preceramic,Block 3 Layers C4 and D 35cm,Charcoal,3540,115,Cooke 1984,-2031,-1696,-2200,-1545,-1884,158,-2111,-1699,-2204,-1547,-1897,159,,,,,99.7,Lower Central America,""
Gran Cocle,Aguadulce Shelter,TEM-128,Preceramic,Block 3 Layer C3 25-30cm,Shell,3700,100,Cooke 1984,-1794,-1499,-1955,-1378,-1658,146,-1826,-1526,-1978,-1402,-1685,146,,98.9,,,99.8,Lower Central America,""
Gran Cocle,Aguadulce Shelter,TEM-108,Preceramic,Block 2 Layer C1 20-25cm,Shell,3660,95,Ranere and Cooke 1996,-1737,-1460,-1893,-1334,-1609,140,-1763,-1483,-1918,-1365,-1632,140,,99,,,99.8,Lower Central America,""
Gran Cocle,Aguadulce Shelter,TEM-127,Preceramic,Block 3 Layer C3 25-30cm,Shell,2790,110,Cooke 1984,-708,-405,-827,-227,-550,151,-874,-652,-1007,-550,-769,112,,62.1,,,99.8,Lower Central America,""
Gran Cocle,Aguadulce Shelter,TEM-126,Monagrillo,Block 3 Layer B3 15-20cm,Shell,2960,80,Cooke 1984,-887,-638,-998,-485,-748,126,-775,-559,-876,-451,-665,106,,91.6,,,99.9,Lower Central America,""
Gran Cocle,Aguadulce Shelter,TEM-125,Monagrillo,Block 3 Layer B2 10-15cm,Shell,2540,70,Cooke 1984,-356,-128,-455,11,-232,115,-421,-246,-546,-171,-352,92,,83.7,,,99.9,Lower Central America,""
Gran Cocle,Aguadulce Shelter,TEM-107,Monagrillo,Block 3 Layer B1 5-10cm,Shell,2570,70,Cooke 1984,-382,-161,-511,-32,-267,117,-341,-166,-413,-55,-246,89,,111,,,99.9,Lower Central America,""
Gran Cocle,Carabali,B-9575,Preceramic,?,Charcoal,8040,390,Ranere and Cooke 1996,-7478,-6571,-8161,-6089,-7041,461,-7303,-6466,-7661,-6075,-6908,408,,103.3,,,99.6,Lower Central America,""
Gran Cocle,Carabali,B-19101,Monagrillo,?,Charcoal,2920,180,Ranere and Cooke 1996,-1380,-915,-1606,-774,-1140,211,-1378,-919,-1600,-776,-1141,208,,100.4,,,99.7,Lower Central America,""
Gran Cocle,Cerro Mangote,Y-458D,Preceramic,From McGimsey's Stratum C. Probably not the earliest occupation.,Charcoal,6810,110,"Cooke 1984, Ranere and Cooke 1996",-5830,-5622,-5974,-5528,-5721,103,-5800,-5571,-5967,-5486,-5714,102,,100.8,,,99.8,Lower Central America,""
Gran Cocle,Cerro Mangote,B-1219,Preceramic,Base of Red Clay,Charcoal,6670,215,Ranere and Cooke 1996,-5787,-5379,-6018,-5212,-5599,203,-5754,-5368,-5996,-5082,-5571,202,,99.9,,,99.7,Lower Central America,""
Gran Cocle,Cerro Mangote,TEM-206,Preceramic,"Pothole 1 north wall, 180-90cm",Shell,6710,170,Ranere and Cooke 1996,-5377,-4991,-5546,-4786,-5175,192,-5370,-4984,-5542,-4783,-5169,191,,100.1,,,99.8,Lower Central America,""
Gran Cocle,Cerro Mangote,TEM-176,Preceramic,"Inside shell, pothole 1, red clay zone",Shell,5440,130,Cooke 1984,-3951,-3641,-4146,-3501,-3807,159,-3960,-3650,-4156,-3512,-3822,159,,99.8,,,99.8,Lower Central America,""
Gran Cocle,Cerro Mangote,TEM-174,Preceramic,"Same shell as TEM-175, 180-90cm",Shell,5990,180,Ranere and Cooke 1996,-4622,-4197,-4824,-3975,-4404,213,-3641,-3352,-3809,-3166,-3498,153,,,0.2,,99.8,Lower Central America,""
Gran Cocle,Cerro Mangote,TEM-175,Preceramic,"Same shell as TEM-174, 180-90cm",Shell,5140,120,Ranere and Cooke 1996,-3630,-3340,-3784,-3134,-3475,156,-3641,-3352,-3809,-3166,-3498,153,,100.1,,,99.8,Lower Central America,""
Gran Cocle,Cerro Mangote,TEM-207,Preceramic,"Pothole 1A, 180-90cm",Shell,5055,150,Ranere and Cooke 1996,-3586,-3196,-3741,-2963,-3369,194,-3616,-3238,-3771,-3000,-3398,191,,100.7,,,99.7,Lower Central America,""
Gran Cocle,Cerro Mangote,B-1218,Preceramic,"Pothole 1 north wall, 180-90cm",Charcoal,3555,100,Cooke 1984,-2026,-1750,-2196,-1624,-1901,141,-2116,-1771,-2201,-1636,-1927,142,,98.7,,,99.8,Lower Central America,""
Gran Cocle,Corona,B-19411,Preceramic,?,Charcoal,7440,280,Cooke and Ranere 1992,-6589,-6021,-7036,-5786,-6343,306,-6562,-5987,-7023,-5727,-6292,291,,101.6,,,99.6,Lower Central America,""
Gran Cocle,Corona,B-27529,Preceramic,?,Shell,5980,100,Ranere and Cooke 1996,-4511,-4253,-4667,-4122,-4388,132,-4528,-4270,-4685,-4146,-4405,132,,99.5,,,99.8,Lower Central America,""
Gran Cocle,Cueva de los Ladrones,TEM-123,Preceramic,Area 2A Layer 6 stratified under pile of shell and stones,Charcoal,6860,110,Cooke 1984,-5876,-5641,-5984,-5565,-5767,103,-5836,-5636,-5983,-5561,-5756,102,,100.6,,,99.9,Lower Central America,""
Gran Cocle,Cueva de los Ladrones,TEM-119,Monagrillo,"Area 1, within a pile of sherds and stones, prehaps a hearth, associated with 383 Monagrillo sherds",Shell,4800,100,Cooke 1984,-3228,-2917,-3367,-2787,-3084,150,-3241,-3011,-3321,-2917,-3119,108,,110.8,,,99.8,Lower Central America,""
Gran Cocle,Cueva de los Ladrones,TEM-124,Monagrillo,"Area 1, at base of pile of shells and stones associated with Monagrillo-like ceramics (see TEM-119)",charcoal,4520,100,Cooke 1984,-3367,-3036,-3512,-2919,-3215,150,-3241,-3011,-3321,-2917,-3119,108,,100.2,,,99.8,Lower Central America,""
Gran Cocle,Cueva de los Ladrones,TEM-129,Monagrillo,?,Shell,4800,100,Ranere and Cooke 1996,-3228,-2917,-3367,-2787,-3084,150,-3197,-2900,-3356,-2781,-3067,147,,100.8,,,99.8,Lower Central America,""
Gran Cocle,Cueva de los Ladrones,TEM-122,Monagrillo,"Down slope from cave floor. Junction between ceramic and preceramic layers, possibly a small intrusive fire pit. 10 monagrillo sherds",Charcoal,3880,80,Cooke 1984,-2466,-2210,-2574,-2136,-2346,117,-2464,-2210,-2572,-2065,-2340,116,,99.9,,,99.8,Lower Central America,""
Gran Cocle,Cueva de los Ladrones,TEM-121,Monagrillo,"Area 2A Layer 5, 1 monagrillo sherd",Shell,3860,90,Cooke 1984,-2004,-1713,-2142,-1566,-1856,144,-2026,-1774,-2173,-1671,-1914,126,,102.4,,,99.9,Lower Central America,""
Gran Cocle,Cueva de los Ladrones,TEM-120,Monagrillo,"Area 2A Layer 4, 2 Monagrillo sherds, just above TEM-121",Shell,3770,80,Cooke 1984,-1871,-1611,-2001,-1491,-1740,130,-1834,-1601,-1937,-1489,-1713,114,,104.8,,,99.9,Lower Central America,""
Gran Cocle,Cueva de los Vampiros,B-5870,Monagrillo,?,Charcoal,3800,120,Ranere and Cooke 1996,-2454,-2047,-2572,-1901,-2244,172,-2431,-2034,-2566,-1893,-2219,169,,99.8,,,99.8,Lower Central America,""
Gran Cocle,Cueva de los Vampiros,SI-5687,Monagrillo,?,Charcoal,3100,60,Ranere and Cooke 1996,-1429,-1285,-1499,-1218,-1351,74,-1427,-1285,-1499,-1217,-1349,74,,99.9,,,99.9,Lower Central America,""
Gran Cocle,Cueva de los Vampiros,B-27591,Monagrillo,?,Shell,2840,70,Ranere and Cooke 1996,-742,-508,-803,-385,-605,113,-751,-524,-813,-394,-620,111,,100.7,,,99.8,Lower Central America,""
Gran Cocle,Cueva de los Vampiros,B-27592,Monagrillo,?,Shell,2540,90,Ranere and Cooke 1996,-369,-103,-514,45,-233,137,-398,-154,-556,-28,-288,129,,99.8,,,99.9,Lower Central America,""
Gran Cocle,Cueva de los Vampiros,SI-6264,Monagrillo,?,Shell,2450,50,Ranere and Cooke 1996,-222,-13,-341,70,-125,103,-282,-65,-357,10,-174,97,,96.3,,,99.9,Lower Central America,""
Gran Cocle,Cueva de los Vampiros,SI-5688,Monagrillo,?,Charcoal,1875,45,Ranere and Cooke 1996,122,225,29,308,163,56,22,160,-40,211,92,62,,63.1,,,99.9,Lower Central America,""
Gran Cocle,Cueva de lso Vampiros,B-5101,Preceramic,?,Charcoal,8560,160,Ranere and Cooke 1996,-7937,-7373,-8199,-7191,-7657,228,-7742,-7346,-7954,-7081,-7558,205,,101.6,,,99.8,Lower Central America,""
Gran Cocle,La Mula-Sarigua,B-21898,Monagrillo,?,Shell,2640,60,Cooke and Ranere 1992,-463,-231,-605,-128,-360,116,-430,-204,-559,-97,-329,114,,99,,,99.8,Lower Central America,""
Gran Cocle,La Mula-Sarigua,B-12931,Middle Ceramic B,?,Shell,2340,70,Cooke and Ranere 1992,-101,135,-215,251,15,117,-102,117,-208,229,4,109,,103.2,,,99.9,Lower Central America,""
Gran Cocle,La Mula-Sarigua,B-12729,Middle Ceramic B,?,Shell,2270,90,Cooke and Ranere 1992,-30,237,-171,370,100,134,-47,200,-177,322,70,124,,102.2,,,99.8,Lower Central America,""
Gran Cocle,La Mula-Sarigua,B-12728,Middle Ceramic B,?,Shell,2220,70,Cooke and Ranere 1992,41,268,-58,398,163,113,21,237,-92,346,126,109,,99.1,,,99.8,Lower Central America,""
Gran Cocle,La Mula-Sarigua,B-18863,Middle Ceramic B,?,Shell,2190,90,Cooke and Ranere 1992,71,336,-77,454,197,132,15,268,-101,404,146,126,,97.9,,,99.8,Lower Central America,""
Gran Cocle,Los Santanas,B-9576,Preceramic,?,Charcoal,7100,230,Cooke and Ranere 1992,-6218,-5744,-6426,-5571,-5994,217,-6215,-5740,-6425,-5569,-5988,215,,100.3,,,99.7,Lower Central America,""
Gran Cocle,Monagrillo,SI-2841,Monagrillo,"Block 2E possibly noncultural, 110-120cm",Charcoal,5385,95,Cooke 1984,-4337,-4060,-4441,-3985,-4205,109,-4252,-4058,-4342,-4006,-4166,85,,102.7,,,99.9,Lower Central America,""
Gran Cocle,Monagrillo,TEM-109,Monagrillo,"Block 2E, 100-110cm",Charcoal,5495,100,Ranere and Cooke 1996,-4451,-4245,-4542,-4054,-4330,119,-4126,-3992,-4278,-3970,-4087,71,,32.7,,,99.9,Lower Central America,""
Gran Cocle,Monagrillo,SI-2842,Monagrillo,"Block 1E, 20-30cm",Charcoal,4405,75,Ranere and Cooke 1996,-3314,-2914,-3338,-2901,-3097,131,-3265,-2906,-3332,-2896,-3077,126,,,,,99.8,Lower Central America,""
Gran Cocle,Monagrillo,SI-2844,Monagrillo,"Block 1E, 97-100cm",Charcoal,4135,80,Ranere and Cooke 1996,-2871,-2586,-2896,-2489,-2711,111,-2856,-2580,-2891,-2478,-2700,112,,,,,99.8,Lower Central America,""
Gran Cocle,Monagrillo,Y-585,Monagrillo,"West trench, section 6 bottom of stratum. Plastic tradition",?,4090,70,"Willey and McGimsey, Cooke 1976 in Cooke 1984",-2857,-2499,-2874,-2475,-2673,116,-2847,-2495,-2872,-2472,-2659,115,,99.8,,,99.9,Lower Central America,""
Gran Cocle,Monagrillo,TEM-208,Monagrillo,"Block 2E, 152-157cm",Shell,4350,165,Ranere and Cooke 1996,-2746,-2278,-2936,-2026,-2504,231,-2707,-2239,-2907,-2016,-2476,227,,,,,99.7,Lower Central America,""
Gran Cocle,Monagrillo,SI-2840,Monagrillo,"Block 2E associated with fire-cracked rock, 95-100cm",Charcoal,3615,80,Cooke 1984,-2133,-1882,-2200,-1749,-1983,117,-2131,-1895,-2203,-1780,-2009,103,,104.6,,,99.9,Lower Central America,""
Gran Cocle,Monagrillo,SI-2839,Monagrillo,"Block 2E, 50-60cm",Charcoal,3485,100,Cooke 1984,-1940,-1642,-2119,-1535,-1808,134,-1916,-1701,-2016,-1625,-1817,97,,113.3,,,100,Lower Central America,""
Gran Cocle,Monagrillo,SI-2838,Monagrillo,"Block 2E, 20-30cm",Charcoal,3385,75,Cooke 1984,-1763,-1542,-1881,-1508,-1683,101,-1738,-1543,-1866,-1502,-1653,86,,105.1,,,99.9,Lower Central America,""
Gran Cocle,Monagrillo,I-9384,Monagrillo,"Block 1E, 150-160cm",Charcoal,3325,85,Cooke 1984,-1733,-1506,-1875,-1428,-1618,104,-1740,-1536,-1879,-1462,-1651,98,,99.4,,,99.9,Lower Central America,""
Gran Cocle,Monagrillo,SI-2843,Monagrillo,"Block 1E, 50-56cm",Charcoal,3245,100,Cooke 1984,-1630,-1411,-1862,-1271,-1528,122,-1595,-1415,-1684,-1279,-1488,99,,107.8,,,99.9,Lower Central America,""
Gran Cocle,Rio Cobre,B-19106,Monagrillo,?,Charcoal,3580,150,Ranere and Cooke 1996,-2140,-1699,-2397,-1536,-1949,207,-2134,-1695,-2339,-1528,-1927,202,,100.7,,,99.8,Lower Central America,""
Gran Cocle,SE-111,B-19497,Monagrillo,?,Charcoal,2855,95,Cooke and Ranere 1992,-1193,-907,-1281,-813,-1050,125,-1193,-906,-1278,-814,-1048,124,,100.2,,,99.9,Lower Central America,""
Gran Cocle,Vaca del Monte,B-12437,Preceramic,?,Charcoal,5630,180,Ranere and Cooke 1996,-4707,-4330,-4900,-4050,-4496,204,-4708,-4329,-4901,-4050,-4497,204,,100,,,99.7,Lower Central America,""
Gran Cocle,Zapotal,B-21389,Monagrillo,?,Shell,4100,100,Ranere and Cooke 1996,-2335,-2016,-2482,-1867,-2175,157,-2242,-1923,-2406,-1764,-2085,160,,91.7,,,99.8,Lower Central America,""
Gran Cocle,Zapotal,B-20849,Monagrillo,?,Shell,3850,70,Ranere and Cooke 1996,-1966,-1716,-2102,-1602,-1841,124,-1938,-1701,-2068,-1587,-1825,119,,101.5,,,99.8,Lower Central America,""
Gran Cocle,Zapotal,B-21388,Monagrillo,?,Shell,3610,70,Ranere and Cooke 1996,-1647,-1424,-1771,-1308,-1544,113,-1666,-1446,-1792,-1346,-1563,109,,100.7,,,99.8,Lower Central America,""
Gran Cocle,Zapotal,B-20850,Monagrillo,?,Shell,3520,80,Ranere and Cooke 1996,-1547,-1302,-1686,-1186,-1432,123,-1595,-1356,-1712,-1228,-1467,120,,99.1,,,99.8,Lower Central America,""
Gran Cocle,Zapotal,B-9574,Monagrillo,?,Shell,3500,80,Ranere and Cooke 1996,-1522,-1282,-1661,-1157,-1406,123,-1558,-1319,-1688,-1206,-1445,120,,98.7,,,99.8,Lower Central America,""
Tilaran-Arenal,AL-186,TX-5286,Fortuna,"Fortuna phase hearth, lithics",Wood,4890,100,Sheets et al. 2020,-3795,-3530,-3949,-3382,-3687,126,-3778,-3526,-3940,-3375,-3653,128,,98.2,,,99.8,Lower Central America,""
Tilaran-Arenal,La Chiripa,UCIAMS-229025,Late Tronadora,UN 60 Floor,Light Fraction,3305,15,Sheets et al. 2020,-1609,-1536,-1616,-1519,-1571,27,-1589,-1534,-1612,-1528,-1564,24,,100.2,,,100,Lower Central America,""
Tilaran-Arenal,La Chiripa,B-447098,Late Tronadora,T1 U01 Hearth,Charcoal,3310,30,Dixon 2016,-1612,-1536,-1669,-1504,-1575,39,-1554,-1511,-1587,-1503,-1540,22,,91.3,,,100,Lower Central America,""
Tilaran-Arenal,La Chiripa,UCIAMS-229021,Late Tronadora,UN 60 Feature 1,Wood,3265,15,Sheets et al. 2020,-1532,-1507,-1606,-1461,-1523,24,-1531,-1508,-1541,-1499,-1520,13,,108.1,,,100,Lower Central America,""
Tilaran-Arenal,La Chiripa,UCIAMS-261637,Late Tronadora,Un 61 adjacent to tobacco seeds,wood charcoal,3220,15,Slotten 2021,-1505,-1452,-1510,-1442,-1476,19,-1505,-1452,-1509,-1443,-1475,19,,98.9,,,100,Lower Central America,""
Tilaran-Arenal,La Chiripa,UCIAMS-229020,Late Tronadora,UN 61 Above Feature 2,Wood,3190,15,Sheets et al. 2020,-1497,-1438,-1500,-1426,-1464,22,-1497,-1437,-1500,-1426,-1464,22,,99.2,,,100,Lower Central America,""
Tilaran-Arenal,La Chiripa,UCIAMS-261639,Late Tronadora,Un 61,geophyte,3145,15,Slotten 2021,-1439,-1410,-1492,-1325,-1423,27,-1438,-1411,-1493,-1392,-1425,22,,102.2,,,100,Lower Central America,""
Tilaran-Arenal,La Chiripa,UCIAMS-261638,Late Tronadora,Un 61 Feature 2,unid seed,3070,20,Slotten 2021,-1393,-1291,-1407,-1271,-1338,39,-1393,-1291,-1406,-1271,-1337,39,,100,,,100,Lower Central America,""
Tilaran-Arenal,La Chiripa,UCIAMS-261635,Late Tronadora,Un 61 Post Hole 17,wood charcoal,3020,20,Slotten 2021,-1367,-1222,-1385,-1204,-1277,51,-1265,-1222,-1371,-1207,-1249,31,,114.2,,,99.9,Lower Central America,""
Tilaran-Arenal,La Chiripa,UCIAMS-261636,Late Tronadora,Un 61 Post Hole 17,seeds (Acmella sp.),2995,20,Slotten 2021,-1268,-1135,-1371,-1127,-1230,48,-1265,-1222,-1371,-1207,-1249,31,,118.5,,,99.9,Lower Central America,""
Tilaran-Arenal,La Chiripa,UCIAMS-229022,Late Tronadora,Feature 2 Top,Wood,3015,15,Sheets et al. 2020,-1281,-1221,-1380,-1207,-1266,45,-1261,-1224,-1266,-1216,-1243,16,,119.8,,,99.9,Lower Central America,""
Tilaran-Arenal,La Chiripa,UCIAMS-229023,Late Tronadora,Feature 2 Middle,Wood,2990,15,Sheets et al. 2020,-1262,-1205,-1280,-1127,-1221,41,-1261,-1224,-1266,-1216,-1243,16,,125.2,,,99.9,Lower Central America,""
Tilaran-Arenal,La Chiripa,UCIAMS-229024,Late Tronadora,Feature 2 Bottom,Wood,2995,15,Sheets et al. 2020,-1265,-1210,-1368,-1128,-1230,41,-1261,-1224,-1266,-1216,-1243,16,,129.5,,,99.9,Lower Central America,""
Tilaran-Arenal,La Chiripa,UCIAMS-261634,Late Tronadora,Un 61 Post Hole 13,seeds (Acmella sp.),2965,25,Slotten 2021,-1221,-1126,-1267,-1056,-1179,48,-1221,-1126,-1269,-1057,-1180,48,,99.8,,,99.9,Lower Central America,""
Tilaran-Arenal,La Chiripa,UCIAMS-261632,?,AR 14-9 Above Feature 2,wood charcoal,2185,20,Slotten 2021,-351,-179,-358,-170,-272,61,-352,-309,-364,-276,-322,25,,112.1,,,100,Lower Central America,""
Tilaran-Arenal,La Chiripa,UCIAMS-261631,Tempisque,Un 54 above Feature 2,wood charcoal,2230,15,Slotten 2021,-365,-209,-376,-205,-278,50,-261,-206,-299,-202,-243,27,,104,,,99.5,Lower Central America,""
Tilaran-Arenal,La Chiripa,B-447099,Tempisque,U54,Charcoal,2180,30,Dixon 2016,-352,-174,-364,-121,-259,69,-289,-173,-325,-151,-224,45,,87.3,,,99.3,Lower Central America,""
Tilaran-Arenal,La Chiripa,UCIAMS-261633,Late Tronadora,UN 60,Poaceae,1960,5,Slotten 2021,28,108,23,116,65,27,28,108,22,116,65,26,,,,,100,Lower Central America,""
Tilaran-Arenal,La Espina,MELSON-1,Chato Eruption,uPPv paleosol immediately below AT-8 Tephra,Charcoal,3675,50,Melson et al. 1986 in Borgia et al. 1988,-2138,-1977,-2201,-1924,-2061,75,-2138,-1977,-2201,-1926,-2062,74,,100,,,99.9,Lower Central America,""
Tilaran-Arenal,La Espina,BORGIA-1,Chato Eruption,Carbonized branches embedded in AT-8 Tephra,Carbonized wood,3500,50,Borgia et al. 1988,-1886,-1751,-1958,-1646,-1821,70,-1879,-1752,-1919,-1693,-1811,55,,110.7,,,99.9,Lower Central America,""
Tilaran-Arenal,La Espina,BORGIA-2,Chato Eruption,Carbonized branches embedded in AT-8 Tephra,Carbonized Wood,3510,120,Borgia et al. 1988,-2019,-1645,-2193,-1533,-1846,161,-1879,-1752,-1919,-1693,-1811,55,,133.3,,,99.9,Lower Central America,""
Tilaran-Arenal,La Espina,BORGIA-3,Chato Eruption,Carbonized organic matter at base of AT-8 Tephra,Carbonized organic matter,3460,70,Borgia et al. 1988,-1883,-1688,-1955,-1544,-1774,97,-1879,-1752,-1919,-1693,-1811,55,,117.2,,,99.9,Lower Central America,""
Tilaran-Arenal,Lago Cote,B-130736,?,"Soil core, 353-359cm",Charcoal,3630,70,Arford 2001,-2131,-1895,-2201,-1774,-2004,103,-2131,-1900,-2202,-1776,-2009,100,,101,,,99.9,Lower Central America,""
Tilaran-Arenal,Lago Cote,B-134419,?,"Soil core, 288-294cm",Bulk sediment,2730,50,Arford 2001,-913,-818,-991,-804,-884,51,-1003,-835,-1114,-804,-931,77,,72.8,,,97.4,Lower Central America,""
Tilaran-Arenal,Lago Cote,B-134418,?,"Soil core, 288-294cm",Charcoal,2510,50,Arford 2001,-776,-546,-795,-423,-637,92,-797,-676,-806,-584,-725,62,,99.8,,,99.9,Lower Central America,""
Tilaran-Arenal,Lago Cote,B-136023,?,"Soil core, 192-195cm",Bulk sediment,2240,40,Arford 2001,-382,-209,-395,-197,-288,59,-317,-239,-379,-215,-289,41,,102.1,,,99.4,Lower Central America,""
Tilaran-Arenal,Lago Cote,B-137968,?,"Soil core, 147-150cm",Bulk sediment,1490,50,Arford 2001,547,640,435,653,572,53,544,639,433,650,565,56,,95.8,,,99.9,Lower Central America,""
Tilaran-Arenal,Quebrada Guillermina,ALVARADO-1,AT-9 Eruption,Paleosol immediately below AT-9,Paleosol,3320,215,Alvarado 1989 in Soto and Alvarado 2006,-1948,-1296,-2296,-983,-1643,325,-1411,-1111,-1505,-941,-1236,142,,66.3,,,99.9,Lower Central America,""
Tilaran-Arenal,Quebrada Guillermina,BORGIA-4,AT-9 Eruption,Paleosol immediately below AT-9,Paleosol,2895,145,Borgia et al. 1988,-1267,-908,-1427,-806,-1110,173,-1411,-1111,-1505,-941,-1236,142,,90.7,,,99.9,Lower Central America,""
Tilaran-Arenal,Quebrada La Palma,BORGIA-5,AT-9 Eruption,Paleosol immediately below AT-9,Paleosol,2650,115,Borgia et al. 1988,-978,-569,-1104,-416,-792,162,-1411,-1111,-1505,-941,-1236,142,,,10.1,,99.9,Lower Central America,""
Tilaran-Arenal,Sangregado Dam,ICE-1,AT-9 Eruption,From paleosol beneath AT-9 Tephra,?,4030,150,ICE 1977 in Egan 2019,-2866,-2350,-2922,-2136,-2568,213,-2865,-2350,-2922,-2136,-2567,213,,,,,99.7,Lower Central America,""
Tilaran-Arenal,Sangregado Dam,BORGIA-6,AT-9 Eruption,Paleosol immediately below AT-9,Paleosol,3025,150,Borgia et al. 1988,-1427,-1055,-1612,-851,-1245,182,-1430,-1087,-1534,-939,-1250,155,,106.2,,,99.9,Lower Central America,""
Tilaran-Arenal,Tronadora Vieja,TX-5278,Early Tronadora,"Uppermost 10 cm of Aguacate associated with two small undecorated body sherds, but tentatively assigned to Fortuna",Wood Charcoal,4580,80,"Hoopes 1987, Sheets 1994 (Sheets, McKee eds)",-3500,-3104,-3601,-3025,-3296,144,-3375,-3033,-3510,-2935,-3218,134,,94.9,,,99.9,Lower Central America,""
Tilaran-Arenal,Tronadora Vieja,TX-5276,Early Tronadora,"Hearth, strong association to Tronadora but assigned to Archaic tentatively",Carbonized maize,4450,70,"Hoopes 1987, Sheets 1994 (Sheets, McKee eds)",-3331,-3017,-3345,-2925,-3145,125,-3184,-2922,-3326,-2915,-3102,120,,97.9,,,99.9,Lower Central America,""
Tilaran-Arenal,Tronadora Vieja,SI-?,Early Tronadora,Hearth 5-10 cm below Aguacate associated with lithic debitage; Same feature as TX-5275 and SI-?,Wood Charcoal,3675,100,"Hoopes 1987, Sheets 1994 (Sheets, McKee eds)",-2201,-1925,-2403,-1767,-2071,146,-2336,-2071,-2459,-2007,-2208,118,,83.1,,,99.9,Lower Central America,""
Tilaran-Arenal,Tronadora Vieja,TX-5277,Early Tronadora,Above Aguacate,Carbonized plant material,3730,100,"Hoopes 1987, Sheets 1994 (Sheets, McKee eds)",-2289,-1978,-2456,-1895,-2148,147,-2170,-1957,-2297,-1879,-2074,107,,107.6,,,99.9,Lower Central America,""
Tilaran-Arenal,Tronadora Vieja,TX-5279,Early Tronadora,Above Aguacate,Carbonized plant material,3480,320,"Hoopes 1987, Sheets 1994 (Sheets, McKee eds)",-2282,-1427,-2847,-1018,-1872,422,-1981,-1619,-2187,-1566,-1860,174,,130.6,,,100,Lower Central America,""
Tilaran-Arenal,Tronadora Vieja,TX-5280,Arenal,Post U55 Pre U41 From tomb,Charcoal,2470,560,Sheets 1994 (Sheets and McKee eds),-1273,109,-2113,644,-676,687,-292,51,-321,534,-25,234,,100.4,,,99.1,Lower Central America,""
Tilaran-Arenal,Tronadora Vieja,TX-5081,Arenal,Post U-55 Pre U-41,Charcoal,2030,300,Sheets 1994 (Sheets and McKee eds),-398,336,-790,570,-85,357,-283,88,-319,428,-13,213,,119.1,,,99.3,Lower Central America,""
